{
  "model_type": "attention",
  "batch_size": 128,
  "samples_per_class": 359,
  "learning_rate": 0.00019269771531027111,
  "epochs": 3,
  "damping": 0.5761871345260245,
  "top_k": 13,
  "epsilon": 0.9868903607830634,
  "alpha": 0.010174088477881892,
  "n_steps": 50,
  "random_seed": 256
}