{
  "model_type": "attention",
  "batch_size": 128,
  "samples_per_class": 108,
  "learning_rate": 0.002805084827828345,
  "epochs": 140,
  "damping": 0.036368399944171154,
  "top_k": 90,
  "epsilon": 1.631731554128384,
  "alpha": 0.004528534240434361,
  "n_steps": 50,
  "random_seed": 256
}