alphabet_size,count,mean,std,min,max
26,676,1.3392550478446716,0.9850077304279946,-0.5785015830632778,3.392593202590943
29,841,1.0060925240415737,0.7242763986152568,-0.14777632494480286,2.8314319763183606
